{"cameraMode":{"drawMode":0,"name":"Shaded","section":"Shading Mode"},"sceneLighting":false,"audioPlay":false,"sceneViewState":{"m_AlwaysRefresh":false,"showFog":true,"showSkybox":false,"showFlares":true,"showImageEffects":true,"showParticleSystems":true,"showVisualEffectGraphs":true,"m_FxEnabled":true},"in2DMode":false,"pivot":{"x":11.476794242858887,"y":0.07800006866455078,"z":-2.0931334495544435},"rotation":{"x":-0.057113852351903918,"y":0.9234013557434082,"z":-0.15345779061317445,"w":-0.34792742133140566},"size":7.980719566345215,"orthographic":false}