{"cameraMode":{"drawMode":0,"name":"Shaded","section":"Shading Mode"},"sceneLighting":false,"audioPlay":false,"sceneViewState":{"m_AlwaysRefresh":false,"showFog":true,"showSkybox":false,"showFlares":true,"showImageEffects":true,"showParticleSystems":true,"showVisualEffectGraphs":true,"m_FxEnabled":true},"in2DMode":false,"pivot":{"x":-0.5099730491638184,"y":2.570000171661377,"z":-19.997352600097658},"rotation":{"x":-0.057113852351903918,"y":0.9234013557434082,"z":-0.15345779061317445,"w":-0.34792742133140566},"size":11.718918800354004,"orthographic":false}