{"cameraMode":{"drawMode":0,"name":"Shaded","section":"Shading Mode"},"sceneLighting":false,"audioPlay":false,"sceneViewState":{"m_AlwaysRefresh":false,"showFog":true,"showSkybox":false,"showFlares":true,"showImageEffects":true,"showParticleSystems":true,"showVisualEffectGraphs":true,"m_FxEnabled":true},"in2DMode":false,"pivot":{"x":4.192773342132568,"y":1.3911628723144532,"z":-0.23628747463226319},"rotation":{"x":-0.26120662689208987,"y":-0.6357901692390442,"z":0.24188071489334107,"w":-0.6850471496582031},"size":1.9985202550888062,"orthographic":false}